,datetime,coefs,h PM,h BM,hde PM,hde BM,date
11,2025-01-01,"[80, 81]","['07:46', '20:08']","['02:04', '14:29']","['10.7m', '10.5m']","['2.28m', '1.96m']",mercredi 1 janvier 2025
12,2025-01-02,"[82, 83]","['08:24', '20:47']","['02:46', '15:10']","['10.81m', '10.5m']","['2.15m', '1.85m']",jeudi 2 janvier 2025
13,2025-01-03,"[82, 81]","['09:03', '21:26']","['03:27', '15:51']","['10.76m', '10.35m']","['2.16m', '1.9m']",vendredi 3 janvier 2025
14,2025-01-04,"[80, 78]","['09:43', '22:08']","['04:08', '16:32']","['10.56m', '10.07m']","['2.31m', '2.12m']",samedi 4 janvier 2025
15,2025-01-05,"[75, 72]","['10:26', '22:54']","['04:49', '17:15']","['10.23m', '9.71m']","['2.59m', '2.45m']",dimanche 5 janvier 2025
16,2025-01-06,"[68, 64]","['11:17', '23:49']","['05:34', '18:04']","['9.82m', '9.35m']","['2.95m', '2.84m']",lundi 6 janvier 2025
17,2025-01-07,"[61, None]",['12:17'],"['06:27', '19:01']",['9.44m'],"['3.3m', '3.19m']",mardi 7 janvier 2025
18,2025-01-08,"[58, 55]","['00:55', '13:30']","['07:32', '20:10']","['9.11m', '9.22m']","['3.55m', '3.39m']",mercredi 8 janvier 2025
19,2025-01-09,"[54, 54]","['02:09', '14:47']","['08:48', '21:26']","['9.11m', '9.26m']","['3.57m', '3.35m']",jeudi 9 janvier 2025
20,2025-01-10,"[55, 58]","['03:23', '16:01']","['10:07', '22:40']","['9.36m', '9.55m']","['3.31m', '3.07m']",vendredi 10 janvier 2025
21,2025-01-11,"[61, 65]","['04:31', '17:07']","['11:18', '23:46']","['9.78m', '9.94m']","['2.86m', '2.69m']",samedi 11 janvier 2025
22,2025-01-12,"[69, 74]","['05:32', '18:05']",['12:20'],"['10.23m', '10.31m']",['2.37m'],dimanche 12 janvier 2025
23,2025-01-13,"[77, 81]","['06:26', '18:57']","['00:43', '13:14']","['10.61m', '10.58m']","['2.32m', '1.96m']",lundi 13 janvier 2025
24,2025-01-14,"[83, 85]","['07:14', '19:43']","['01:33', '14:01']","['10.85m', '10.71m']","['2.04m', '1.7m']",mardi 14 janvier 2025
25,2025-01-15,"[86, 86]","['07:56', '20:23']","['02:16', '14:41']","['10.95m', '10.7m']","['1.88m', '1.6m']",mercredi 15 janvier 2025
26,2025-01-16,"[86, 85]","['08:34', '20:59']","['02:55', '15:17']","['10.9m', '10.55m']","['1.87m', '1.68m']",jeudi 16 janvier 2025
27,2025-01-17,"[83, 80]","['09:08', '21:32']","['03:29', '15:49']","['10.72m', '10.29m']","['2m', '1.91m']",vendredi 17 janvier 2025
28,2025-01-18,"[76, 72]","['09:40', '22:03']","['04:00', '16:18']","['10.41m', '9.92m']","['2.27m', '2.28m']",samedi 18 janvier 2025
29,2025-01-19,"[68, 63]","['10:10', '22:33']","['04:29', '16:46']","['9.99m', '9.48m']","['2.65m', '2.74m']",dimanche 19 janvier 2025
30,2025-01-20,"[59, 53]","['10:41', '23:07']","['04:59', '17:16']","['9.49m', '9.01m']","['3.12m', '3.25m']",lundi 20 janvier 2025
31,2025-01-21,"[48, 43]","['11:19', '23:51']","['05:32', '17:51']","['8.96m', '8.54m']","['3.61m', '3.74m']",mardi 21 janvier 2025
32,2025-01-22,"[39, None]",['12:09'],"['06:14', '18:39']",['8.45m'],"['4.07m', '4.17m']",mercredi 22 janvier 2025
33,2025-01-23,"[35, 32]","['00:53', '13:21']","['07:13', '19:46']","['8.18m', '8.1m']","['4.42m', '4.43m']",jeudi 23 janvier 2025
34,2025-01-24,"[31, 31]","['02:12', '14:45']","['08:30', '21:07']","['8.08m', '8.09m']","['4.51m', '4.39m']",vendredi 24 janvier 2025
35,2025-01-25,"[34, 37]","['03:28', '15:58']","['09:51', '22:23']","['8.32m', '8.41m']","['4.26m', '4.06m']",samedi 25 janvier 2025
36,2025-01-26,"[43, 48]","['04:31', '16:59']","['11:00', '23:26']","['8.79m', '8.9m']","['3.76m', '3.56m']",dimanche 26 janvier 2025
37,2025-01-27,"[55, 61]","['05:24', '17:50']",['11:57'],"['9.35m', '9.45m']",['3.17m'],lundi 27 janvier 2025
38,2025-01-28,"[67, 73]","['06:11', '18:36']","['00:19', '12:48']","['9.92m', '9.98m']","['3.02m', '2.56m']",mardi 28 janvier 2025
39,2025-01-29,"[79, 84]","['06:55', '19:18']","['01:08', '13:34']","['10.46m', '10.45m']","['2.47m', '1.97m']",mercredi 29 janvier 2025
40,2025-01-30,"[89, 93]","['07:36', '19:59']","['01:53', '14:18']","['10.92m', '10.81m']","['1.96m', '1.46m']",jeudi 30 janvier 2025
41,2025-01-31,"[96, 98]","['08:16', '20:39']","['02:36', '15:00']","['11.23m', '11.01m']","['1.55m', '1.12m']",vendredi 31 janvier 2025
42,2025-02-01,"[99, 98]","['08:56', '21:18']","['03:17', '15:40']","['11.34m', '11m']","['1.33m', '1.02m']",samedi 1 février 2025
43,2025-02-02,"[96, 93]","['09:36', '21:58']","['03:57', '16:20']","['11.22m', '10.76m']","['1.37m', '1.22m']",dimanche 2 février 2025
44,2025-02-03,"[89, 84]","['10:17', '22:40']","['04:37', '17:00']","['10.85m', '10.34m']","['1.68m', '1.68m']",lundi 3 février 2025
45,2025-02-04,"[78, 71]","['11:02', '23:27']","['05:18', '17:43']","['10.31m', '9.81m']","['2.2m', '2.32m']",mardi 4 février 2025
46,2025-02-05,"[64, None]",['11:54'],"['06:04', '18:33']",['9.67m'],"['2.83m', '3.02m']",mercredi 5 février 2025
47,2025-02-06,"[57, 50]","['00:24', '13:00']","['07:01', '19:36']","['9.27m', '9.09m']","['3.45m', '3.61m']",jeudi 6 février 2025
48,2025-02-07,"[46, 43]","['01:35', '14:20']","['08:17', '20:59']","['8.88m', '8.77m']","['3.86m', '3.89m']",vendredi 7 février 2025
49,2025-02-08,"[43, 46]","['02:57', '15:45']","['09:50', '22:27']","['8.82m', '8.88m']","['3.81m', '3.69m']",samedi 8 février 2025
50,2025-02-09,"[50, 56]","['04:17', '17:00']","['11:12', '23:38']","['9.15m', '9.32m']","['3.31m', '3.17m']",dimanche 9 février 2025
51,2025-02-10,"[62, 68]","['05:24', '18:00']",['12:14'],"['9.69m', '9.85m']",['2.65m'],lundi 10 février 2025
52,2025-02-11,"[74, 78]","['06:18', '18:49']","['00:34', '13:04']","['10.22m', '10.31m']","['2.59m', '2.08m']",mardi 11 février 2025
53,2025-02-12,"[82, 86]","['07:04', '19:30']","['01:20', '13:46']","['10.64m', '10.61m']","['2.12m', '1.69m']",mercredi 12 février 2025
54,2025-02-13,"[88, 89]","['07:42', '20:06']","['02:00', '14:22']","['10.89m', '10.76m']","['1.81m', '1.49m']",jeudi 13 février 2025
55,2025-02-14,"[90, 90]","['08:16', '20:37']","['02:34', '14:54']","['10.99m', '10.77m']","['1.66m', '1.48m']",vendredi 14 février 2025
56,2025-02-15,"[89, 87]","['08:46', '21:06']","['03:05', '15:22']","['10.95m', '10.66m']","['1.68m', '1.62m']",samedi 15 février 2025
57,2025-02-16,"[84, 80]","['09:13', '21:32']","['03:33', '15:49']","['10.76m', '10.41m']","['1.85m', '1.9m']",dimanche 16 février 2025
58,2025-02-17,"[76, 72]","['09:39', '21:57']","['03:59', '16:13']","['10.43m', '10.03m']","['2.17m', '2.32m']",lundi 17 février 2025
59,2025-02-18,"[67, 61]","['10:06', '22:24']","['04:24', '16:37']","['9.97m', '9.56m']","['2.62m', '2.83m']",mardi 18 février 2025
60,2025-02-19,"[56, 49]","['10:35', '22:55']","['04:50', '17:03']","['9.4m', '9.01m']","['3.15m', '3.39m']",mercredi 19 février 2025
61,2025-02-20,"[44, 38]","['11:12', '23:38']","['05:22', '17:39']","['8.79m', '8.45m']","['3.72m', '3.96m']",jeudi 20 février 2025
62,2025-02-21,"[32, None]",['12:05'],"['06:07', '18:34']",['8.19m'],"['4.26m', '4.48m']",vendredi 21 février 2025
63,2025-02-22,"[28, 25]","['00:47', '13:32']","['07:18', '20:00']","['7.99m', '7.8m']","['4.66m', '4.76m']",samedi 22 février 2025
64,2025-02-23,"[26, 30]","['02:26', '15:14']","['08:56', '21:40']","['7.91m', '7.95m']","['4.66m', '4.54m']",dimanche 23 février 2025
65,2025-02-24,"[36, 44]","['03:54', '16:31']","['10:28', '22:59']","['8.35m', '8.55m']","['4.13m', '3.9m']",lundi 24 février 2025
66,2025-02-25,"[52, 60]","['04:59', '17:29']","['11:34', '23:58']","['9.08m', '9.31m']","['3.32m', '3.1m']",mardi 25 février 2025
67,2025-02-26,"[69, 77]","['05:51', '18:18']",['12:27'],"['9.89m', '10.07m']",['2.45m'],mercredi 26 février 2025
68,2025-02-27,"[85, 92]","['06:37', '19:02']","['00:49', '13:15']","['10.65m', '10.76m']","['2.27m', '1.63m']",jeudi 27 février 2025
69,2025-02-28,"[99, 104]","['07:20', '19:43']","['01:35', '13:59']","['11.29m', '11.29m']","['1.53m', '0.94m']",vendredi 28 février 2025
70,2025-03-01,"[108, 110]","['08:01', '20:23']","['02:18', '14:42']","['11.74m', '11.61m']","['0.94m', '0.49m']",samedi 1 mars 2025
71,2025-03-02,"[111, 109]","['08:42', '21:03']","['03:00', '15:22']","['11.92m', '11.65m']","['0.63m', '0.38m']",dimanche 2 mars 2025
72,2025-03-03,"[107, 102]","['09:21', '21:42']","['03:41', '16:02']","['11.79m', '11.39m']","['0.66m', '0.65m']",lundi 3 mars 2025
73,2025-03-04,"[96, 89]","['10:02', '22:21']","['04:20', '16:41']","['11.33m', '10.86m']","['1.06m', '1.26m']",mardi 4 mars 2025
74,2025-03-05,"[80, 72]","['10:44', '23:05']","['05:00', '17:22']","['10.62m', '10.14m']","['1.75m', '2.12m']",mercredi 5 mars 2025
75,2025-03-06,"[62, 53]","['11:33', '23:57']","['05:43', '18:08']","['9.75m', '9.35m']","['2.61m', '3.06m']",jeudi 6 mars 2025
76,2025-03-07,"[45, None]",['12:35'],"['06:36', '19:08']",['8.91m'],"['3.48m', '3.89m']",vendredi 7 mars 2025
77,2025-03-08,"[39, 36]","['01:06', '14:00']","['07:52', '20:36']","['8.68m', '8.39m']","['4.11m', '4.32m']",samedi 8 mars 2025
78,2025-03-09,"[37, 41]","['02:36', '15:35']","['09:36', '22:14']","['8.44m', '8.46m']","['4.12m', '4.08m']",dimanche 9 mars 2025
79,2025-03-10,"[47, 54]","['04:05', '16:52']","['11:02', '23:25']","['8.77m', '9.02m']","['3.52m', '3.4m']",lundi 10 mars 2025
80,2025-03-11,"[61, 68]","['05:13', '17:47']",['11:59'],"['9.42m', '9.69m']",['2.78m'],mardi 11 mars 2025
81,2025-03-12,"[73, 78]","['06:03', '18:31']","['00:16', '12:43']","['10.06m', '10.25m']","['2.7m', '2.16m']",mercredi 12 mars 2025
82,2025-03-13,"[82, 85]","['06:44', '19:08']","['00:58', '13:21']","['10.56m', '10.65m']","['2.15m', '1.73m']",jeudi 13 mars 2025
83,2025-03-14,"[88, 89]","['07:19', '19:40']","['01:34', '13:55']","['10.89m', '10.88m']","['1.77m', '1.51m']",vendredi 14 mars 2025
84,2025-03-15,"[90, 90]","['07:50', '20:09']","['02:06', '14:24']","['11.05m', '10.97m']","['1.58m', '1.46m']",samedi 15 mars 2025
85,2025-03-16,"[89, 88]","['08:18', '20:36']","['02:36', '14:52']","['11.07m', '10.93m']","['1.54m', '1.54m']",dimanche 16 mars 2025
86,2025-03-17,"[86, 83]","['08:45', '21:01']","['03:04', '15:18']","['10.95m', '10.74m']","['1.66m', '1.78m']",lundi 17 mars 2025
87,2025-03-18,"[79, 75]","['09:10', '21:25']","['03:29', '15:42']","['10.67m', '10.41m']","['1.94m', '2.15m']",mardi 18 mars 2025
88,2025-03-19,"[70, 65]","['09:35', '21:49']","['03:54', '16:04']","['10.24m', '9.96m']","['2.36m', '2.65m']",mercredi 19 mars 2025
89,2025-03-20,"[59, 53]","['10:02', '22:17']","['04:18', '16:28']","['9.7m', '9.42m']","['2.9m', '3.22m']",jeudi 20 mars 2025
90,2025-03-21,"[47, 41]","['10:34', '22:54']","['04:45', '16:58']","['9.08m', '8.83m']","['3.48m', '3.83m']",vendredi 21 mars 2025
91,2025-03-22,"[35, 29]","['11:19', '23:49']","['05:23', '17:46']","['8.44m', '8.26m']","['4.08m', '4.42m']",samedi 22 mars 2025
92,2025-03-23,"[26, None]",['12:32'],"['06:28', '19:08']",['7.9m'],"['4.58m', '4.85m']",dimanche 23 mars 2025
93,2025-03-24,"[26, 29]","['01:22', '14:25']","['08:08', '20:57']","['7.94m', '7.86m']","['4.72m', '4.73m']",lundi 24 mars 2025
94,2025-03-25,"[36, 44]","['03:10', '15:58']","['09:50', '22:26']","['8.26m', '8.48m']","['4.21m', '4.01m']",mardi 25 mars 2025
95,2025-03-26,"[54, 63]","['04:27', '17:01']","['11:03', '23:30']","['9.07m', '9.38m']","['3.29m', '3.05m']",mercredi 26 mars 2025
96,2025-03-27,"[73, 82]","['05:23', '17:52']",['11:59'],"['10m', '10.28m']",['2.29m'],jeudi 27 mars 2025
97,2025-03-28,"[90, 97]","['06:12', '18:37']","['00:22', '12:48']","['10.87m', '11.07m']","['2.08m', '1.39m']",vendredi 28 mars 2025
98,2025-03-29,"[104, 109]","['06:57', '19:20']","['01:10', '13:35']","['11.58m', '11.66m']","['1.24m', '0.69m']",samedi 29 mars 2025
99,2025-03-30,"[112, 114]","['08:40', '21:01']","['01:56', '15:19']","['12.05m', '12m']","['0.63m', '0.28m']",dimanche 30 mars 2025
100,2025-03-31,"[114, 111]","['09:22', '21:42']","['03:39', '16:01']","['12.22m', '12.04m']","['0.34m', '0.23m']",lundi 31 mars 2025
101,2025-04-01,"[107, 102]","['10:03', '22:22']","['04:21', '16:42']","['12.03m', '11.73m']","['0.42m', '0.58m']",mardi 1 avril 2025
102,2025-04-02,"[95, 87]","['10:45', '23:02']","['05:02', '17:22']","['11.49m', '11.12m']","['0.89m', '1.28m']",mercredi 2 avril 2025
103,2025-04-03,"[77, 68]","['11:27', '23:45']","['05:43', '18:03']","['10.67m', '10.29m']","['1.66m', '2.21m']",jeudi 3 avril 2025
104,2025-04-04,"[58, None]",['12:15'],"['06:26', '18:48']",['9.7m'],"['2.59m', '3.2m']",vendredi 4 avril 2025
105,2025-04-05,"[50, 42]","['00:35', '13:17']","['07:18', '19:46']","['9.38m', '8.78m']","['3.51m', '4.05m']",samedi 5 avril 2025
106,2025-04-06,"[37, 35]","['01:43', '14:41']","['08:31', '21:10']","['8.61m', '8.22m']","['4.16m', '4.49m']",dimanche 6 avril 2025
107,2025-04-07,"[37, 42]","['03:13', '16:17']","['10:12', '22:48']","['8.29m', '8.31m']","['4.22m', '4.26m']",lundi 7 avril 2025
108,2025-04-08,"[47, 54]","['04:43', '17:29']","['11:35', '23:56']","['8.61m', '8.89m']","['3.67m', '3.59m']",mardi 8 avril 2025
109,2025-04-09,"[59, 65]","['05:47', '18:20']",['12:29'],"['9.24m', '9.57m']",['2.98m'],mercredi 9 avril 2025
110,2025-04-10,"[70, 74]","['06:34', '19:01']","['00:45', '13:10']","['9.89m', '10.16m']","['2.9m', '2.4m']",jeudi 10 avril 2025
111,2025-04-11,"[78, 81]","['07:14', '19:36']","['01:25', '13:47']","['10.4m', '10.58m']","['2.33m', '1.99m']",vendredi 11 avril 2025
112,2025-04-12,"[83, 84]","['07:48', '20:08']","['02:01', '14:21']","['10.73m', '10.84m']","['1.95m', '1.77m']",samedi 12 avril 2025
113,2025-04-13,"[85, 85]","['08:19', '20:37']","['02:35', '14:51']","['10.91m', '10.96m']","['1.74m', '1.69m']",dimanche 13 avril 2025
114,2025-04-14,"[85, 84]","['08:49', '21:05']","['03:06', '15:21']","['10.96m', '10.96m']","['1.68m', '1.74m']",lundi 14 avril 2025
115,2025-04-15,"[82, 80]","['09:16', '21:31']","['03:35', '15:48']","['10.87m', '10.82m']","['1.76m', '1.92m']",mardi 15 avril 2025
116,2025-04-16,"[77, 73]","['09:43', '21:57']","['04:03', '16:14']","['10.64m', '10.55m']","['1.98m', '2.24m']",mercredi 16 avril 2025
117,2025-04-17,"[69, 65]","['10:10', '22:23']","['04:29', '16:40']","['10.27m', '10.15m']","['2.35m', '2.69m']",jeudi 17 avril 2025
118,2025-04-18,"[60, 54]","['10:38', '22:52']","['04:56', '17:05']","['9.8m', '9.68m']","['2.83m', '3.22m']",vendredi 18 avril 2025
119,2025-04-19,"[49, 44]","['11:11', '23:28']","['05:25', '17:37']","['9.25m', '9.15m']","['3.37m', '3.78m']",samedi 19 avril 2025
120,2025-04-20,"[39, None]",['11:54'],"['06:03', '18:23']",['8.68m'],"['3.9m', '4.32m']",dimanche 20 avril 2025
121,2025-04-21,"[34, 32]","['00:20', '13:01']","['07:05', '19:39']","['8.62m', '8.18m']","['4.35m', '4.69m']",lundi 21 avril 2025
122,2025-04-22,"[32, 35]","['01:41', '14:41']","['08:34', '21:18']","['8.27m', '8.09m']","['4.47m', '4.58m']",mardi 22 avril 2025
123,2025-04-23,"[41, 48]","['03:25', '16:16']","['10:09', '22:47']","['8.47m', '8.63m']","['4.02m', '3.91m']",mercredi 23 avril 2025
124,2025-04-24,"[57, 65]","['04:47', '17:24']","['11:25', '23:54']","['9.2m', '9.5m']","['3.17m', '2.97m']",jeudi 24 avril 2025
125,2025-04-25,"[74, 82]","['05:49', '18:19']",['12:25'],"['10.09m', '10.4m']",['2.24m'],vendredi 25 avril 2025
126,2025-04-26,"[90, 96]","['06:42', '19:07']","['00:51', '13:18']","['10.93m', '11.17m']","['2.04m', '1.43m']",samedi 26 avril 2025
127,2025-04-27,"[101, 105]","['07:30', '19:53']","['01:43', '14:07']","['11.59m', '11.73m']","['1.28m', '0.85m']",dimanche 27 avril 2025
128,2025-04-28,"[108, 108]","['08:17', '20:38']","['02:31', '14:55']","['11.98m', '12.03m']","['0.76m', '0.56m']",lundi 28 avril 2025
129,2025-04-29,"[107, 105]","['09:01', '21:20']","['03:18', '15:40']","['12.08m', '12.02m']","['0.54m', '0.58m']",mardi 29 avril 2025
130,2025-04-30,"[101, 96]","['09:45', '22:02']","['04:03', '16:23']","['11.85m', '11.7m']","['0.65m', '0.93m']",mercredi 30 avril 2025
131,2025-05-01,"[89, 82]","['10:28', '22:44']","['04:46', '17:05']","['11.3m', '11.1m']","['1.07m', '1.56m']",jeudi 1 mai 2025
132,2025-05-02,"[74, 66]","['11:13', '23:28']","['05:28', '17:47']","['10.52m', '10.3m']","['1.76m', '2.37m']",vendredi 2 mai 2025
133,2025-05-03,"[58, None]",['12:01'],"['06:12', '18:32']",['9.62m'],"['2.59m', '3.23m']",samedi 3 mai 2025
134,2025-05-04,"[51, 45]","['00:17', '12:59']","['07:01', '19:25']","['9.44m', '8.79m']","['3.4m', '3.97m']",dimanche 4 mai 2025
135,2025-05-05,"[42, 40]","['01:19', '14:16']","['08:04', '20:35']","['8.71m', '8.28m']","['4m', '4.4m']",lundi 5 mai 2025
136,2025-05-06,"[40, 43]","['02:40', '15:40']","['09:26', '21:59']","['8.35m', '8.29m']","['4.18m', '4.33m']",mardi 6 mai 2025
137,2025-05-07,"[46, 50]","['04:02', '16:49']","['10:45', '23:10']","['8.51m', '8.73m']","['3.87m', '3.85m']",mercredi 7 mai 2025
138,2025-05-08,"[54, 58]","['05:06', '17:40']",['11:43'],"['9m', '9.32m']",['3.35m'],jeudi 8 mai 2025
139,2025-05-09,"[62, 65]","['05:55', '18:23']","['00:02', '12:28']","['9.55m', '9.87m']","['3.26m', '2.85m']",vendredi 9 mai 2025
140,2025-05-10,"[68, 71]","['06:37', '19:00']","['00:46', '13:07']","['10.02m', '10.29m']","['2.74m', '2.46m']",samedi 10 mai 2025
141,2025-05-11,"[73, 75]","['07:14', '19:34']","['01:25', '13:44']","['10.34m', '10.56m']","['2.36m', '2.22m']",dimanche 11 mai 2025
142,2025-05-12,"[76, 76]","['07:48', '20:06']","['02:01', '14:18']","['10.53m', '10.7m']","['2.13m', '2.11m']",lundi 12 mai 2025
143,2025-05-13,"[77, 76]","['08:20', '20:37']","['02:36', '14:51']","['10.6m', '10.73m']","['2.03m', '2.12m']",mardi 13 mai 2025
144,2025-05-14,"[76, 74]","['08:51', '21:06']","['03:09', '15:23']","['10.57m', '10.67m']","['2.05m', '2.22m']",mercredi 14 mai 2025
145,2025-05-15,"[73, 70]","['09:21', '21:35']","['03:42', '15:54']","['10.42m', '10.49m']","['2.18m', '2.45m']",jeudi 15 mai 2025
146,2025-05-16,"[68, 65]","['09:51', '22:05']","['04:13', '16:25']","['10.16m', '10.21m']","['2.44m', '2.79m']",vendredi 16 mai 2025
147,2025-05-17,"[61, 58]","['10:23', '22:37']","['04:45', '16:56']","['9.8m', '9.85m']","['2.79m', '3.21m']",samedi 17 mai 2025
148,2025-05-18,"[54, 50]","['10:58', '23:15']","['05:19', '17:32']","['9.37m', '9.43m']","['3.2m', '3.65m']",dimanche 18 mai 2025
149,2025-05-19,"[47, None]",['11:43'],"['06:00', '18:19']",['8.93m'],"['3.6m', '4.04m']",lundi 19 mai 2025
150,2025-05-20,"[45, 44]","['00:06', '12:44']","['06:55', '19:23']","['9.02m', '8.57m']","['3.91m', '4.28m']",mardi 20 mai 2025
151,2025-05-21,"[44, 46]","['01:17', '14:07']","['08:08', '20:44']","['8.74m', '8.49m']","['3.98m', '4.2m']",mercredi 21 mai 2025
152,2025-05-22,"[49, 54]","['02:45', '15:33']","['09:30', '22:06']","['8.83m', '8.87m']","['3.68m', '3.71m']",jeudi 22 mai 2025
153,2025-05-23,"[59, 65]","['04:06', '16:45']","['10:45', '23:18']","['9.34m', '9.57m']","['3.08m', '2.99m']",vendredi 23 mai 2025
154,2025-05-24,"[71, 77]","['05:13', '17:44']",['11:50'],"['10.04m', '10.32m']",['2.39m'],samedi 24 mai 2025
155,2025-05-25,"[83, 88]","['06:12', '18:38']","['00:20', '12:48']","['10.72m', '10.98m']","['2.25m', '1.79m']",dimanche 25 mai 2025
156,2025-05-26,"[92, 94]","['07:05', '19:28']","['01:17', '13:42']","['11.24m', '11.45m']","['1.64m', '1.37m']",lundi 26 mai 2025
157,2025-05-27,"[96, 97]","['07:55', '20:16']","['02:10', '14:34']","['11.54m', '11.69m']","['1.23m', '1.16m']",mardi 27 mai 2025
158,2025-05-28,"[96, 95]","['08:44', '21:02']","['03:01', '15:22']","['11.6m', '11.69m']","['1.03m', '1.17m']",mercredi 28 mai 2025
159,2025-05-29,"[92, 89]","['09:30', '21:47']","['03:49', '16:08']","['11.41m', '11.43m']","['1.07m', '1.39m']",jeudi 29 mai 2025
160,2025-05-30,"[84, 79]","['10:15', '22:30']","['04:33', '16:51']","['10.98m', '10.96m']","['1.34m', '1.82m']",vendredi 30 mai 2025
161,2025-05-31,"[74, 69]","['11:00', '23:13']","['05:16', '17:32']","['10.37m', '10.32m']","['1.83m', '2.4m']",samedi 31 mai 2025
162,2025-06-01,"[63, 58]","['11:46', '23:58']","['05:58', '18:14']","['9.66m', '9.62m']","['2.45m', '3.06m']",dimanche 1 juin 2025
163,2025-06-02,"[53, None]",['12:36'],"['06:41', '18:59']",['8.99m'],"['3.11m', '3.67m']",lundi 2 juin 2025
164,2025-06-03,"[49, 46]","['00:50', '13:37']","['07:29', '19:52']","['8.98m', '8.5m']","['3.68m', '4.11m']",mardi 3 juin 2025
165,2025-06-04,"[44, 43]","['01:54', '14:47']","['08:29', '20:57']","['8.55m', '8.34m']","['4.02m', '4.28m']",mercredi 4 juin 2025
166,2025-06-05,"[43, 44]","['03:06', '15:54']","['09:37', '22:07']","['8.45m', '8.52m']","['4.05m', '4.12m']",jeudi 5 juin 2025
167,2025-06-06,"[46, 48]","['04:13', '16:51']","['10:43', '23:10']","['8.68m', '8.92m']","['3.79m', '3.73m']",vendredi 6 juin 2025
168,2025-06-07,"[51, 53]","['05:09', '17:40']",['11:37'],"['9.06m', '9.38m']",['3.42m'],samedi 7 juin 2025
169,2025-06-08,"[56, 59]","['05:57', '18:22']","['00:02', '12:25']","['9.46m', '9.78m']","['3.29m', '3.06m']",dimanche 8 juin 2025
170,2025-06-09,"[61, 64]","['06:39', '19:02']","['00:48', '13:08']","['9.78m', '10.08m']","['2.91m', '2.79m']",lundi 9 juin 2025
171,2025-06-10,"[66, 67]","['07:19', '19:38']","['01:30', '13:48']","['10m', '10.28m']","['2.64m', '2.61m']",mardi 10 juin 2025
172,2025-06-11,"[69, 70]","['07:56', '20:14']","['02:11', '14:27']","['10.15m', '10.41m']","['2.46m', '2.52m']",mercredi 11 juin 2025
173,2025-06-12,"[71, 71]","['08:32', '20:48']","['02:49', '15:05']","['10.22m', '10.47m']","['2.35m', '2.49m']",jeudi 12 juin 2025
174,2025-06-13,"[71, 71]","['09:06', '21:21']","['03:27', '15:42']","['10.22m', '10.45m']","['2.31m', '2.55m']",vendredi 13 juin 2025
175,2025-06-14,"[70, 70]","['09:40', '21:54']","['04:04', '16:18']","['10.12m', '10.32m']","['2.37m', '2.69m']",samedi 14 juin 2025
176,2025-06-15,"[68, 67]","['10:15', '22:30']","['04:40', '16:54']","['9.92m', '10.1m']","['2.53m', '2.93m']",dimanche 15 juin 2025
177,2025-06-16,"[65, 63]","['10:52', '23:09']","['05:18', '17:32']","['9.64m', '9.81m']","['2.77m', '3.21m']",lundi 16 juin 2025
178,2025-06-17,"[61, None]","['11:36', '23:57']","['05:59', '18:16']","['9.32m', '9.49m']","['3.04m', '3.49m']",mardi 17 juin 2025
179,2025-06-18,"[59, 58]",['12:30'],"['06:47', '19:09']",['9.05m'],"['3.29m', '3.7m']",mercredi 18 juin 2025
180,2025-06-19,"[56, 56]","['00:57', '13:38']","['07:45', '20:15']","['9.23m', '8.92m']","['3.44m', '3.75m']",jeudi 19 juin 2025
181,2025-06-20,"[56, 57]","['02:12', '14:54']","['08:55', '21:29']","['9.15m', '9.07m']","['3.41m', '3.58m']",vendredi 20 juin 2025
182,2025-06-21,"[58, 61]","['03:30', '16:08']","['10:08', '22:44']","['9.36m', '9.49m']","['3.16m', '3.18m']",samedi 21 juin 2025
183,2025-06-22,"[64, 67]","['04:41', '17:14']","['11:19', '23:54']","['9.79m', '10.03m']","['2.78m', '2.68m']",dimanche 22 juin 2025
184,2025-06-23,"[71, 75]","['05:46', '18:14']",['12:24'],"['10.26m', '10.55m']",['2.37m'],lundi 23 juin 2025
185,2025-06-24,"[78, 82]","['06:46', '19:09']","['00:58', '13:24']","['10.68m', '10.96m']","['2.18m', '2.02m']",mardi 24 juin 2025
186,2025-06-25,"[84, 86]","['07:41', '20:01']","['01:56', '14:20']","['10.96m', '11.22m']","['1.77m', '1.77m']",mercredi 25 juin 2025
187,2025-06-26,"[87, 88]","['08:32', '20:49']","['02:50', '15:10']","['11.07m', '11.29m']","['1.49m', '1.64m']",jeudi 26 juin 2025
188,2025-06-27,"[88, 86]","['09:19', '21:34']","['03:38', '15:55']","['11.01m', '11.19m']","['1.38m', '1.67m']",vendredi 27 juin 2025
189,2025-06-28,"[85, 82]","['10:03', '22:16']","['04:21', '16:37']","['10.78m', '10.91m']","['1.46m', '1.87m']",samedi 28 juin 2025
190,2025-06-29,"[79, 75]","['10:44', '22:55']","['05:01', '17:14']","['10.39m', '10.47m']","['1.75m', '2.23m']",dimanche 29 juin 2025
191,2025-06-30,"[71, 67]","['11:24', '23:33']","['05:37', '17:50']","['9.89m', '9.93m']","['2.21m', '2.72m']",lundi 30 juin 2025
192,2025-07-01,"[62, None]",['12:04'],"['06:13', '18:26']",['9.35m'],"['2.76m', '3.25m']",mardi 1 juillet 2025
193,2025-07-02,"[57, 53]","['00:14', '12:48']","['06:49', '19:06']","['9.36m', '8.85m']","['3.32m', '3.74m']",mercredi 2 juillet 2025
194,2025-07-03,"[49, 45]","['01:01', '13:42']","['07:32', '19:56']","['8.85m', '8.49m']","['3.79m', '4.12m']",jeudi 3 juillet 2025
195,2025-07-04,"[42, 39]","['02:00', '14:47']","['08:27', '20:58']","['8.48m', '8.35m']","['4.1m', '4.3m']",vendredi 4 juillet 2025
196,2025-07-05,"[38, 38]","['03:10', '15:54']","['09:33', '22:09']","['8.37m', '8.47m']","['4.18m', '4.2m']",samedi 5 juillet 2025
197,2025-07-06,"[39, 41]","['04:18', '16:54']","['10:41', '23:16']","['8.52m', '8.8m']","['4.01m', '3.89m']",dimanche 6 juillet 2025
198,2025-07-07,"[44, 47]","['05:17', '17:47']",['11:42'],"['8.83m', '9.19m']",['3.69m'],lundi 7 juillet 2025
199,2025-07-08,"[50, 54]","['06:09', '18:33']","['00:13', '12:36']","['9.19m', '9.58m']","['3.5m', '3.35m']",mardi 8 juillet 2025
200,2025-07-09,"[58, 62]","['06:55', '19:16']","['01:04', '13:23']","['9.54m', '9.92m']","['3.11m', '3.04m']",mercredi 9 juillet 2025
201,2025-07-10,"[65, 68]","['07:37', '19:55']","['01:50', '14:08']","['9.84m', '10.22m']","['2.76m', '2.77m']",jeudi 10 juillet 2025
202,2025-07-11,"[71, 74]","['08:16', '20:33']","['02:33', '14:50']","['10.09m', '10.47m']","['2.45m', '2.53m']",vendredi 11 juillet 2025
203,2025-07-12,"[76, 78]","['08:54', '21:10']","['03:14', '15:30']","['10.27m', '10.63m']","['2.18m', '2.34m']",samedi 12 juillet 2025
204,2025-07-13,"[80, 81]","['09:31', '21:46']","['03:54', '16:09']","['10.36m', '10.68m']","['2m', '2.26m']",dimanche 13 juillet 2025
205,2025-07-14,"[81, 81]","['10:08', '22:23']","['04:32', '16:48']","['10.32m', '10.58m']","['1.96m', '2.3m']",lundi 14 juillet 2025
206,2025-07-15,"[80, 78]","['10:46', '23:02']","['05:11', '17:26']","['10.15m', '10.36m']","['2.07m', '2.49m']",mardi 15 juillet 2025
207,2025-07-16,"[76, 72]","['11:26', '23:46']","['05:50', '18:06']","['9.89m', '10.03m']","['2.32m', '2.78m']",mercredi 16 juillet 2025
208,2025-07-17,"[69, None]",['12:14'],"['06:33', '18:52']",['9.58m'],"['2.67m', '3.12m']",jeudi 17 juillet 2025
209,2025-07-18,"[65, 62]","['00:38', '13:11']","['07:23', '19:48']","['9.66m', '9.3m']","['3.04m', '3.44m']",vendredi 18 juillet 2025
210,2025-07-19,"[58, 55]","['01:43', '14:21']","['08:24', '20:58']","['9.34m', '9.15m']","['3.35m', '3.62m']",samedi 19 juillet 2025
211,2025-07-20,"[53, 52]","['02:59', '15:37']","['09:37', '22:19']","['9.21m', '9.25m']","['3.48m', '3.54m']",dimanche 20 juillet 2025
212,2025-07-21,"[53, 56]","['04:17', '16:51']","['10:56', '23:38']","['9.36m', '9.59m']","['3.34m', '3.17m']",lundi 21 juillet 2025
213,2025-07-22,"[59, 64]","['05:30', '17:58']",['12:10'],"['9.72m', '10.06m']",['2.98m'],mardi 22 juillet 2025
214,2025-07-23,"[69, 73]","['06:35', '18:58']","['00:48', '13:14']","['10.15m', '10.52m']","['2.64m', '2.53m']",mercredi 23 juillet 2025
215,2025-07-24,"[78, 82]","['07:32', '19:51']","['01:48', '14:09']","['10.54m', '10.89m']","['2.11m', '2.11m']",jeudi 24 juillet 2025
216,2025-07-25,"[85, 87]","['08:22', '20:38']","['02:40', '14:57']","['10.8m', '11.11m']","['1.69m', '1.81m']",vendredi 25 juillet 2025
217,2025-07-26,"[89, 89]","['09:07', '21:20']","['03:25', '15:40']","['10.9m', '11.15m']","['1.45m', '1.68m']",samedi 26 juillet 2025
218,2025-07-27,"[89, 87]","['09:46', '21:57']","['04:04', '16:17']","['10.83m', '11.02m']","['1.43m', '1.74m']",dimanche 27 juillet 2025
219,2025-07-28,"[85, 82]","['10:22', '22:31']","['04:38', '16:50']","['10.61m', '10.73m']","['1.61m', '1.98m']",lundi 28 juillet 2025
220,2025-07-29,"[78, 74]","['10:54', '23:02']","['05:10', '17:21']","['10.26m', '10.3m']","['1.98m', '2.37m']",mardi 29 juillet 2025
221,2025-07-30,"[69, 64]","['11:25', '23:33']","['05:39', '17:50']","['9.81m', '9.78m']","['2.47m', '2.86m']",mercredi 30 juillet 2025
222,2025-07-31,"[58, 53]",['11:58'],"['06:08', '18:22']",['9.3m'],"['3.02m', '3.4m']",jeudi 31 juillet 2025
223,2025-08-01,"[47, None]",['00:08'],[],['9.21m'],[],vendredi 1 août 2025
224,2025-08-01,"[47, None]",['12:37'],"['06:40', '19:00']",['8.8m'],"['3.58m', '3.93m']",vendredi 1 août 2025
225,2025-08-02,"[42, 37]","['00:53', '13:31']","['07:22', '19:53']","['8.65m', '8.36m']","['4.09m', '4.37m']",samedi 2 août 2025
226,2025-08-03,"[33, 30]","['01:58', '14:46']","['08:23', '21:05']","['8.2m', '8.13m']","['4.45m', '4.59m']",dimanche 3 août 2025
227,2025-08-04,"[29, 31]","['03:21', '16:06']","['09:42', '22:28']","['8.06m', '8.27m']","['4.54m', '4.45m']",lundi 4 août 2025
228,2025-08-05,"[34, 38]","['04:39', '17:13']","['11:02', '23:42']","['8.29m', '8.68m']","['4.29m', '4.01m']",mardi 5 août 2025
229,2025-08-06,"[43, 49]","['05:42', '18:08']",['12:08'],"['8.75m', '9.22m']",['3.82m'],mercredi 6 août 2025
230,2025-08-07,"[55, 61]","['06:34', '18:55']","['00:40', '13:01']","['9.29m', '9.77m']","['3.44m', '3.3m']",jeudi 7 août 2025
231,2025-08-08,"[67, 73]","['07:19', '19:38']","['01:30', '13:49']","['9.81m', '10.29m']","['2.86m', '2.78m']",vendredi 8 août 2025
232,2025-08-09,"[78, 83]","['08:01', '20:17']","['02:14', '14:32']","['10.27m', '10.74m']","['2.3m', '2.29m']",samedi 9 août 2025
233,2025-08-10,"[87, 90]","['08:40', '20:56']","['02:57', '15:14']","['10.65m', '11.08m']","['1.81m', '1.87m']",dimanche 10 août 2025
234,2025-08-11,"[93, 95]","['09:17', '21:34']","['03:37', '15:54']","['10.9m', '11.26m']","['1.44m', '1.6m']",lundi 11 août 2025
235,2025-08-12,"[95, 95]","['09:55', '22:11']","['04:17', '16:33']","['10.97m', '11.23m']","['1.27m', '1.55m']",mardi 12 août 2025
236,2025-08-13,"[93, 90]","['10:32', '22:50']","['04:56', '17:12']","['10.85m', '10.98m']","['1.35m', '1.74m']",mercredi 13 août 2025
237,2025-08-14,"[86, 81]","['11:11', '23:32']","['05:34', '17:51']","['10.54m', '10.54m']","['1.7m', '2.16m']",jeudi 14 août 2025
238,2025-08-15,"[75, None]",['11:55'],"['06:15', '18:34']",['10.09m'],"['2.25m', '2.73m']",vendredi 15 août 2025
239,2025-08-16,"[68, 62]","['00:20', '12:47']","['07:01', '19:26']","['9.96m', '9.57m']","['2.91m', '3.34m']",samedi 16 août 2025
240,2025-08-17,"[55, 49]","['01:20', '13:53']","['07:59', '20:35']","['9.36m', '9.12m']","['3.53m', '3.82m']",dimanche 17 août 2025
241,2025-08-18,"[45, 43]","['02:37', '15:14']","['09:15', '22:04']","['8.94m', '8.95m']","['3.92m', '3.93m']",lundi 18 août 2025
242,2025-08-19,"[44, 48]","['04:04', '16:37']","['10:44', '23:33']","['8.93m', '9.19m']","['3.85m', '3.52m']",mardi 19 août 2025
243,2025-08-20,"[54, 60]","['05:24', '17:50']",['12:03'],"['9.32m', '9.73m']",['3.36m'],mercredi 20 août 2025
244,2025-08-21,"[67, 73]","['06:30', '18:50']","['00:42', '13:05']","['9.9m', '10.33m']","['2.83m', '2.73m']",jeudi 21 août 2025
245,2025-08-22,"[78, 83]","['07:23', '19:39']","['01:37', '13:55']","['10.44m', '10.82m']","['2.18m', '2.17m']",vendredi 22 août 2025
246,2025-08-23,"[87, 89]","['08:08', '20:22']","['02:23', '14:39']","['10.82m', '11.13m']","['1.69m', '1.79m']",samedi 23 août 2025
247,2025-08-24,"[91, 92]","['08:47', '20:59']","['03:03', '15:16']","['11.01m', '11.25m']","['1.44m', '1.61m']",dimanche 24 août 2025
248,2025-08-25,"[92, 91]","['09:21', '21:31']","['03:38', '15:50']","['11.04m', '11.2m']","['1.41m', '1.62m']",lundi 25 août 2025
249,2025-08-26,"[89, 86]","['09:52', '22:01']","['04:09', '16:20']","['10.91m', '10.99m']","['1.56m', '1.8m']",mardi 26 août 2025
250,2025-08-27,"[82, 78]","['10:20', '22:28']","['04:37', '16:48']","['10.65m', '10.63m']","['1.87m', '2.13m']",mercredi 27 août 2025
251,2025-08-28,"[73, 68]","['10:46', '22:55']","['05:02', '17:14']","['10.26m', '10.15m']","['2.31m', '2.6m']",jeudi 28 août 2025
252,2025-08-29,"[62, 56]","['11:12', '23:23']","['05:27', '17:41']","['9.76m', '9.56m']","['2.86m', '3.17m']",vendredi 29 août 2025
253,2025-08-30,"[50, 44]","['11:42', '23:58']","['05:54', '18:12']","['9.19m', '8.91m']","['3.45m', '3.78m']",samedi 30 août 2025
254,2025-08-31,"[37, None]",['12:23'],"['06:28', '18:55']",['8.59m'],"['4.06m', '4.37m']",dimanche 31 août 2025
255,2025-09-01,"[32, 27]",['00:49'],[],['8.27m'],[],lundi 1 septembre 2025
256,2025-09-01,"[32, 27]",['13:29'],"['07:20', '20:03']",['8.08m'],"['4.62m', '4.81m']",lundi 1 septembre 2025
257,2025-09-02,"[24, 24]","['02:15', '15:09']","['08:43', '21:39']","['7.83m', '7.94m']","['4.93m', '4.84m']",mardi 2 septembre 2025
258,2025-09-03,"[28, 34]","['03:58', '16:38']","['10:21', '23:08']","['7.95m', '8.36m']","['4.75m', '4.35m']",mercredi 3 septembre 2025
259,2025-09-04,"[41, 49]","['05:15', '17:42']",['11:39'],"['8.53m', '9.06m']",['4.14m'],jeudi 4 septembre 2025
260,2025-09-05,"[56, 65]","['06:11', '18:31']","['00:13', '12:35']","['9.27m', '9.82m']","['3.59m', '3.39m']",vendredi 5 septembre 2025
261,2025-09-06,"[72, 80]","['06:56', '19:15']","['01:03', '13:23']","['9.99m', '10.54m']","['2.79m', '2.63m']",samedi 6 septembre 2025
262,2025-09-07,"[86, 92]","['07:38', '19:56']","['01:49', '14:08']","['10.64m', '11.15m']","['2.03m', '1.94m']",dimanche 7 septembre 2025
263,2025-09-08,"[97, 101]","['08:18', '20:35']","['02:32', '14:51']","['11.16m', '11.6m']","['1.39m', '1.38m']",lundi 8 septembre 2025
264,2025-09-09,"[104, 106]","['08:56', '21:15']","['03:14', '15:33']","['11.51m', '11.84m']","['0.94m', '1.03m']",mardi 9 septembre 2025
265,2025-09-10,"[106, 104]","['09:35', '21:54']","['03:55', '16:13']","['11.63m', '11.8m']","['0.75m', '0.96m']",mercredi 10 septembre 2025
266,2025-09-11,"[101, 96]","['10:13', '22:34']","['04:35', '16:54']","['11.49m', '11.47m']","['0.9m', '1.23m']",jeudi 11 septembre 2025
267,2025-09-12,"[90, 83]","['10:53', '23:15']","['05:15', '17:34']","['11.08m', '10.87m']","['1.38m', '1.79m']",vendredi 12 septembre 2025
268,2025-09-13,"[75, 66]",['11:35'],"['05:57', '18:18']",['10.45m'],"['2.12m', '2.56m']",samedi 13 septembre 2025
269,2025-09-14,"[58, None]","['00:03', '12:25']","['06:42', '19:09']","['10.08m', '9.71m']","['2.98m', '3.38m']",dimanche 14 septembre 2025
270,2025-09-15,"[49, 43]","['01:02', '13:31']","['07:40', '20:20']","['9.26m', '9.03m']","['3.79m', '4.02m']",lundi 15 septembre 2025
271,2025-09-16,"[38, 38]","['02:23', '14:58']","['09:00', '21:55']","['8.68m', '8.71m']","['4.28m', '4.15m']",mardi 16 septembre 2025
272,2025-09-17,"[41, 47]","['03:57', '16:28']","['10:35', '23:25']","['8.66m', '8.96m']","['4.15m', '3.63m']",mercredi 17 septembre 2025
273,2025-09-18,"[54, 61]","['05:18', '17:41']",['11:51'],"['9.18m', '9.59m']",['3.51m'],jeudi 18 septembre 2025
274,2025-09-19,"[68, 74]","['06:18', '18:35']","['00:28', '12:47']","['9.87m', '10.28m']","['2.88m', '2.79m']",vendredi 19 septembre 2025
275,2025-09-20,"[79, 84]","['07:05', '19:19']","['01:16', '13:32']","['10.48m', '10.81m']","['2.22m', '2.19m']",samedi 20 septembre 2025
276,2025-09-21,"[87, 89]","['07:44', '19:57']","['01:57', '14:12']","['10.9m', '11.14m']","['1.77m', '1.81m']",dimanche 21 septembre 2025
277,2025-09-22,"[91, 91]","['08:19', '20:31']","['02:34', '14:47']","['11.13m', '11.28m']","['1.56m', '1.64m']",lundi 22 septembre 2025
278,2025-09-23,"[91, 90]","['08:51', '21:01']","['03:06', '15:18']","['11.19m', '11.26m']","['1.54m', '1.64m']",mardi 23 septembre 2025
279,2025-09-24,"[88, 86]","['09:19', '21:29']","['03:35', '15:48']","['11.11m', '11.09m']","['1.68m', '1.79m']",mercredi 24 septembre 2025
280,2025-09-25,"[82, 78]","['09:45', '21:55']","['04:02', '16:15']","['10.9m', '10.79m']","['1.94m', '2.08m']",jeudi 25 septembre 2025
281,2025-09-26,"[74, 69]","['10:10', '22:21']","['04:28', '16:41']","['10.57m', '10.35m']","['2.33m', '2.51m']",vendredi 26 septembre 2025
282,2025-09-27,"[63, 58]","['10:35', '22:48']","['04:52', '17:06']","['10.1m', '9.78m']","['2.83m', '3.06m']",samedi 27 septembre 2025
283,2025-09-28,"[52, 46]","['11:03', '23:20']","['05:16', '17:34']","['9.53m', '9.14m']","['3.42m', '3.67m']",dimanche 28 septembre 2025
284,2025-09-29,"[39, 33]",['11:38'],"['05:46', '18:12']",['8.91m'],"['4.04m', '4.29m']",lundi 29 septembre 2025
285,2025-09-30,"[28, None]","['00:03', '12:31']","['06:33', '19:15']","['8.47m', '8.3m']","['4.65m', '4.8m']",mardi 30 septembre 2025
286,2025-10-01,"[25, 24]",['01:14'],[],['7.91m'],[],mercredi 1 octobre 2025
287,2025-10-01,"[25, 24]",['14:04'],"['07:52', '20:50']",['7.95m'],"['5.07m', '4.94m']",mercredi 1 octobre 2025
288,2025-10-02,"[28, 34]","['03:09', '15:53']","['09:36', '22:27']","['7.86m', '8.26m']","['4.96m', '4.47m']",jeudi 2 octobre 2025
289,2025-10-03,"[42, 50]","['04:39', '17:06']","['11:01', '23:36']","['8.47m', '9.03m']","['4.29m', '3.61m']",vendredi 3 octobre 2025
290,2025-10-04,"[59, 68]","['05:38', '17:59']",['12:02'],"['9.32m', '9.92m']",['3.39m'],samedi 4 octobre 2025
291,2025-10-05,"[76, 84]","['06:26', '18:45']","['00:30', '12:52']","['10.19m', '10.75m']","['2.68m', '2.48m']",dimanche 5 octobre 2025
292,2025-10-06,"[91, 98]","['07:09', '19:29']","['01:18', '13:39']","['10.95m', '11.44m']","['1.84m', '1.7m']",lundi 6 octobre 2025
293,2025-10-07,"[103, 107]","['07:51', '20:11']","['02:03', '14:25']","['11.55m', '11.93m']","['1.17m', '1.1m']",mardi 7 octobre 2025
294,2025-10-08,"[109, 110]","['08:32', '20:53']","['02:48', '15:09']","['11.93m', '12.15m']","['0.74m', '0.76m']",mercredi 8 octobre 2025
295,2025-10-09,"[109, 106]","['09:12', '21:34']","['03:31', '15:53']","['12.04m', '12.07m']","['0.62m', '0.74m']",jeudi 9 octobre 2025
296,2025-10-10,"[102, 96]","['09:53', '22:16']","['04:14', '16:36']","['11.85m', '11.65m']","['0.83m', '1.06m']",vendredi 10 octobre 2025
297,2025-10-11,"[89, 81]","['10:34', '23:00']","['04:57', '17:19']","['11.37m', '10.95m']","['1.38m', '1.68m']",samedi 11 octobre 2025
298,2025-10-12,"[72, 63]","['11:18', '23:49']","['05:40', '18:04']","['10.63m', '10.06m']","['2.18m', '2.51m']",dimanche 12 octobre 2025
299,2025-10-13,"[55, None]",['12:09'],"['06:27', '18:57']",['9.78m'],"['3.08m', '3.36m']",lundi 13 octobre 2025
300,2025-10-14,"[47, 41]","['00:49', '13:14']","['07:25', '20:06']","['9.17m', '9.01m']","['3.9m', '4.01m']",mardi 14 octobre 2025
301,2025-10-15,"[39, 40]","['02:10', '14:41']","['08:42', '21:37']","['8.57m', '8.63m']","['4.37m', '4.15m']",mercredi 15 octobre 2025
302,2025-10-16,"[44, 49]","['03:43', '16:10']","['10:13', '23:01']","['8.57m', '8.85m']","['4.24m', '3.7m']",jeudi 16 octobre 2025
303,2025-10-17,"[55, 61]","['04:59', '17:18']",['11:26'],"['9.09m', '9.45m']",['3.65m'],vendredi 17 octobre 2025
304,2025-10-18,"[67, 71]","['05:53', '18:09']","['00:00', '12:18']","['9.76m', '10.09m']","['3.05m', '2.97m']",samedi 18 octobre 2025
305,2025-10-19,"[76, 79]","['06:36', '18:50']","['00:45', '13:01']","['10.35m', '10.6m']","['2.47m', '2.41m']",dimanche 19 octobre 2025
306,2025-10-20,"[82, 84]","['07:14', '19:27']","['01:24', '13:39']","['10.78m', '10.92m']","['2.08m', '2.05m']",lundi 20 octobre 2025
307,2025-10-21,"[85, 86]","['07:48', '20:00']","['01:59', '14:14']","['11.02m', '11.06m']","['1.89m', '1.87m']",mardi 21 octobre 2025
308,2025-10-22,"[86, 85]","['08:19', '20:31']","['02:32', '14:47']","['11.1m', '11.06m']","['1.86m', '1.85m']",mercredi 22 octobre 2025
309,2025-10-23,"[83, 81]","['08:47', '21:00']","['03:03', '15:18']","['11.07m', '10.94m']","['1.95m', '1.96m']",jeudi 23 octobre 2025
310,2025-10-24,"[79, 76]","['09:15', '21:27']","['03:31', '15:47']","['10.92m', '10.7m']","['2.15m', '2.19m']",vendredi 24 octobre 2025
311,2025-10-25,"[72, 68]","['09:41', '21:55']","['03:59', '16:15']","['10.64m', '10.33m']","['2.46m', '2.55m']",samedi 25 octobre 2025
312,2025-10-26,"[63, 59]","['09:08', '21:23']","['03:25', '15:42']","['10.25m', '9.85m']","['2.89m', '3.02m']",dimanche 26 octobre 2025
313,2025-10-27,"[53, 48]","['09:37', '21:55']","['03:52', '16:12']","['9.75m', '9.29m']","['3.42m', '3.55m']",lundi 27 octobre 2025
314,2025-10-28,"[43, 38]","['10:11', '22:36']","['04:23', '16:49']","['9.21m', '8.71m']","['3.98m', '4.09m']",mardi 28 octobre 2025
315,2025-10-29,"[34, 31]","['10:59', '23:36']","['05:07', '17:45']","['8.66m', '8.2m']","['4.51m', '4.54m']",mercredi 29 octobre 2025
316,2025-10-30,"[31, None]",['12:14'],"['06:16', '19:08']",['8.27m'],"['4.88m', '4.69m']",jeudi 30 octobre 2025
317,2025-10-31,"[33, 38]","['01:13', '13:56']","['07:48', '20:38']","['8.05m', '8.38m']","['4.83m', '4.33m']",vendredi 31 octobre 2025
318,2025-11-01,"[44, 52]","['02:49', '15:19']","['09:14', '21:52']","['8.51m', '9.04m']","['4.25m', '3.56m']",samedi 1 novembre 2025
319,2025-11-02,"[60, 68]","['03:56', '16:20']","['10:21', '22:52']","['9.33m', '9.9m']","['3.38m', '2.67m']",dimanche 2 novembre 2025
320,2025-11-03,"[76, 84]","['04:49', '17:12']","['11:18', '23:44']","['10.21m', '10.73m']","['2.48m', '1.88m']",lundi 3 novembre 2025
321,2025-11-04,"[90, 96]","['05:37', '18:00']",['12:09'],"['10.99m', '11.41m']",['1.72m'],mardi 4 novembre 2025
322,2025-11-05,"[101, 104]","['06:23', '18:47']","['00:34', '12:59']","['11.6m', '11.86m']","['1.29m', '1.18m']",mercredi 5 novembre 2025
323,2025-11-06,"[106, 106]","['07:08', '19:32']","['01:23', '13:48']","['11.96m', '12.05m']","['0.94m', '0.88m']",jeudi 6 novembre 2025
324,2025-11-07,"[105, 102]","['07:52', '20:17']","['02:11', '14:35']","['12.06m', '11.94m']","['0.86m', '0.86m']",vendredi 7 novembre 2025
325,2025-11-08,"[98, 93]","['08:36', '21:02']","['02:57', '15:21']","['11.87m', '11.53m']","['1.06m', '1.13m']",samedi 8 novembre 2025
326,2025-11-09,"[87, 79]","['09:20', '21:49']","['03:42', '16:07']","['11.4m', '10.86m']","['1.53m', '1.66m']",dimanche 9 novembre 2025
327,2025-11-10,"[72, 65]","['10:05', '22:38']","['04:27', '16:54']","['10.69m', '10.03m']","['2.21m', '2.37m']",lundi 10 novembre 2025
328,2025-11-11,"[58, 52]","['10:55', '23:36']","['05:14', '17:44']","['9.88m', '9.22m']","['2.99m', '3.13m']",mardi 11 novembre 2025
329,2025-11-12,"[47, None]",['11:56'],"['06:07', '18:44']",['9.14m'],"['3.72m', '3.75m']",mercredi 12 novembre 2025
330,2025-11-13,"[45, 44]","['00:48', '13:12']","['07:12', '19:58']","['8.64m', '8.69m']","['4.2m', '4.03m']",jeudi 13 novembre 2025
331,2025-11-14,"[45, 48]","['02:10', '14:33']","['08:30', '21:16']","['8.53m', '8.72m']","['4.25m', '3.87m']",vendredi 14 novembre 2025
332,2025-11-15,"[51, 55]","['03:21', '15:40']","['09:42', '22:18']","['8.86m', '9.12m']","['3.9m', '3.44m']",samedi 15 novembre 2025
333,2025-11-16,"[59, 62]","['04:16', '16:32']","['10:39', '23:06']","['9.39m', '9.62m']","['3.37m', '2.98m']",dimanche 16 novembre 2025
334,2025-11-17,"[66, 69]","['05:01', '17:16']","['11:24', '23:47']","['9.92m', '10.08m']","['2.87m', '2.61m']",lundi 17 novembre 2025
335,2025-11-18,"[71, 73]","['05:40', '17:55']",['12:05'],"['10.34m', '10.39m']",['2.51m'],mardi 18 novembre 2025
336,2025-11-19,"[75, 76]","['06:16', '18:31']","['00:25', '12:43']","['10.6m', '10.56m']","['2.39m', '2.29m']",mercredi 19 novembre 2025
337,2025-11-20,"[77, 77]","['06:49', '19:04']","['01:01', '13:19']","['10.73m', '10.61m']","['2.3m', '2.21m']",jeudi 20 novembre 2025
338,2025-11-21,"[76, 76]","['07:21', '19:36']","['01:35', '13:54']","['10.76m', '10.57m']","['2.31m', '2.23m']",vendredi 21 novembre 2025
339,2025-11-22,"[74, 73]","['07:52', '20:07']","['02:08', '14:27']","['10.7m', '10.43m']","['2.41m', '2.35m']",samedi 22 novembre 2025
340,2025-11-23,"[70, 68]","['08:21', '20:38']","['02:40', '14:59']","['10.54m', '10.19m']","['2.61m', '2.57m']",dimanche 23 novembre 2025
341,2025-11-24,"[65, 62]","['08:51', '21:08']","['03:11', '15:31']","['10.28m', '9.86m']","['2.9m', '2.89m']",lundi 24 novembre 2025
342,2025-11-25,"[59, 55]","['09:22', '21:41']","['03:42', '16:03']","['9.92m', '9.45m']","['3.28m', '3.27m']",mardi 25 novembre 2025
343,2025-11-26,"[52, 49]","['09:57', '22:21']","['04:15', '16:41']","['9.52m', '9.02m']","['3.7m', '3.66m']",mercredi 26 novembre 2025
344,2025-11-27,"[46, 44]","['10:41', '23:14']","['04:56', '17:29']","['9.1m', '8.63m']","['4.09m', '3.99m']",jeudi 27 novembre 2025
345,2025-11-28,"[43, None]",['11:42'],"['05:52', '18:33']",['8.77m'],"['4.36m', '4.14m']",vendredi 28 novembre 2025
346,2025-11-29,"[43, 45]","['00:27', '13:04']","['07:05', '19:50']","['8.45m', '8.71m']","['4.39m', '3.98m']",samedi 29 novembre 2025
347,2025-11-30,"[48, 53]","['01:53', '14:29']","['08:25', '21:06']","['8.66m', '9.07m']","['4.05m', '3.49m']",dimanche 30 novembre 2025
348,2025-12-01,"[None, None]","['03:09', '15:39']","['09:39', '22:13']","['9.25m', '9.71m']","['3.42m', '2.85m']",lundi 1 décembre 2025
349,2025-12-02,"[None, None]","['04:11', '16:40']","['10:44', '23:13']","['10m', '10.41m']","['2.7m', '2.22m']",mardi 2 décembre 2025
350,2025-12-03,"[None, None]","['05:07', '17:35']",['11:43'],"['10.7m', '11m']",['2.05m'],mercredi 3 décembre 2025
351,2025-12-04,"[None, None]","['05:59', '18:27']","['00:10', '12:40']","['11.27m', '11.41m']","['1.73m', '1.55m']",jeudi 4 décembre 2025
352,2025-12-05,"[None, None]","['06:49', '19:17']","['01:04', '13:33']","['11.63m', '11.6m']","['1.41m', '1.22m']",vendredi 5 décembre 2025
353,2025-12-06,"[None, None]","['07:37', '20:06']","['01:56', '14:24']","['11.77m', '11.56m']","['1.26m', '1.09m']",samedi 6 décembre 2025
354,2025-12-07,"[None, None]","['08:23', '20:53']","['02:45', '15:12']","['11.66m', '11.28m']","['1.32m', '1.19m']",dimanche 7 décembre 2025
355,2025-12-08,"[None, None]","['09:09', '21:39']","['03:31', '15:57']","['11.32m', '10.79m']","['1.58m', '1.52m']",lundi 8 décembre 2025
356,2025-12-09,"[None, None]","['09:54', '22:26']","['04:15', '16:41']","['10.78m', '10.14m']","['2.03m', '2.05m']",mardi 9 décembre 2025
357,2025-12-10,"[None, None]","['10:40', '23:16']","['04:58', '17:25']","['10.11m', '9.46m']","['2.63m', '2.69m']",mercredi 10 décembre 2025
358,2025-12-11,"[None, None]",['11:30'],"['05:42', '18:11']",['9.43m'],"['3.26m', '3.32m']",jeudi 11 décembre 2025
359,2025-12-12,"[None, None]","['00:12', '12:29']","['06:32', '19:05']","['8.88m', '8.87m']","['3.81m', '3.81m']",vendredi 12 décembre 2025
360,2025-12-13,"[None, None]","['01:17', '13:37']","['07:31', '20:09']","['8.54m', '8.6m']","['4.14m', '4.03m']",samedi 13 décembre 2025
361,2025-12-14,"[None, None]","['02:25', '14:46']","['08:40', '21:17']","['8.54m', '8.65m']","['4.17m', '3.94m']",dimanche 14 décembre 2025
362,2025-12-15,"[None, None]","['03:27', '15:47']","['09:46', '22:17']","['8.82m', '8.94m']","['3.9m', '3.64m']",lundi 15 décembre 2025
363,2025-12-16,"[None, None]","['04:20', '16:39']","['10:43', '23:08']","['9.23m', '9.31m']","['3.5m', '3.29m']",mardi 16 décembre 2025
364,2025-12-17,"[None, None]","['05:06', '17:25']","['11:33', '23:53']","['9.64m', '9.64m']","['3.11m', '2.99m']",mercredi 17 décembre 2025
365,2025-12-18,"[None, None]","['05:48', '18:06']",['12:17'],"['9.97m', '9.9m']",['2.8m'],jeudi 18 décembre 2025
366,2025-12-19,"[None, None]","['06:26', '18:44']","['00:35', '12:58']","['10.2m', '10.07m']","['2.78m', '2.58m']",vendredi 19 décembre 2025
367,2025-12-20,"[None, None]","['07:02', '19:20']","['01:15', '13:37']","['10.36m', '10.17m']","['2.64m', '2.44m']",samedi 20 décembre 2025
368,2025-12-21,"[None, None]","['07:36', '19:55']","['01:53', '14:14']","['10.45m', '10.21m']","['2.57m', '2.37m']",dimanche 21 décembre 2025
369,2025-12-22,"[None, None]","['08:09', '20:28']","['02:29', '14:50']","['10.46m', '10.16m']","['2.57m', '2.38m']",lundi 22 décembre 2025
370,2025-12-23,"[None, None]","['08:41', '21:00']","['03:03', '15:24']","['10.38m', '10.01m']","['2.66m', '2.49m']",mardi 23 décembre 2025
371,2025-12-24,"[None, None]","['09:14', '21:34']","['03:37', '15:59']","['10.2m', '9.77m']","['2.84m', '2.69m']",mercredi 24 décembre 2025
372,2025-12-25,"[None, None]","['09:48', '22:11']","['04:11', '16:35']","['9.94m', '9.48m']","['3.09m', '2.95m']",jeudi 25 décembre 2025
373,2025-12-26,"[None, None]","['10:29', '22:56']","['04:48', '17:15']","['9.63m', '9.19m']","['3.37m', '3.23m']",vendredi 26 décembre 2025
374,2025-12-27,"[None, None]","['11:19', '23:53']","['05:33', '18:05']","['9.32m', '8.95m']","['3.62m', '3.46m']",samedi 27 décembre 2025
375,2025-12-28,"[None, None]",['12:24'],"['06:30', '19:08']",['9.09m'],"['3.8m', '3.58m']",dimanche 28 décembre 2025
376,2025-12-29,"[None, None]","['01:05', '13:42']","['07:40', '20:22']","['8.9m', '9.09m']","['3.8m', '3.5m']",lundi 29 décembre 2025
377,2025-12-30,"[None, None]","['02:23', '15:01']","['08:59', '21:38']","['9.13m', '9.38m']","['3.57m', '3.21m']",mardi 30 décembre 2025
378,2025-12-31,"[None, None]","['03:36', '16:12']","['10:16', '22:49']","['9.6m', '9.86m']","['3.11m', '2.78m']",mercredi 31 décembre 2025
